<main>
  <var name="Label">"Benchmark dataset - Grayscale [normal]"</var>
  <var name="NumOfSets">10</var>
  <section name="Set_1">
    <var name="Masks">1</var>
    <var name="TMsPerMask">1</var>
    <var name="TexSet">"all"</var>
    <var name="Note">"#3 - all"</var>
    <section name="Mask_1">
      <var name="File">"mask1_1.png"</var>
      <var name="Segments">3</var>
      <var name="Seed">1</var>
      <var name="PointsX[3]">216.000000 359.000000 107.000000</var>
      <var name="PointsY[3]">396.000000 236.000000 229.000000</var>
      <var name="Rows">512</var>
      <var name="Columns">512</var>
      <var name="Type">1</var>
    </section>
    <section name="GTMap_1">
      <var name="File">"gt1_1.png"</var>
      <var name="MaskRef">"Mask_1"</var>
    </section>
    <section name="TMMap_1_1">
      <var name="File">"tm1_1_1.png"</var>
      <var name="BW">1</var>
      <var name="Key">0</var>
      <var name="NN">1</var>
      <var name="GTMapRef">"GTMap_1"</var>
      <var name="SegmFile">"seg1_1_1.png"</var>
      <var name="Seed">1</var>
      <var name="Textures[3]">"99.A" "46.A" "52.A"</var>
    </section>
  </section>
  <section name="Set_2">
    <var name="Masks">1</var>
    <var name="TMsPerMask">1</var>
    <var name="TexSet">"all"</var>
    <var name="Note">"#4 - all"</var>
    <section name="Mask_1">
      <var name="File">"mask2_1.png"</var>
      <var name="Segments">4</var>
      <var name="Seed">11</var>
      <var name="PointsX[4]">331.000000 320.000000 276.000000 91.000000</var>
      <var name="PointsY[4]">400.000000 432.000000 112.000000 69.000000</var>
      <var name="Rows">512</var>
      <var name="Columns">512</var>
      <var name="Type">1</var>
    </section>
    <section name="GTMap_1">
      <var name="File">"gt2_1.png"</var>
      <var name="MaskRef">"Mask_1"</var>
    </section>
    <section name="TMMap_1_1">
      <var name="File">"tm2_1_1.png"</var>
      <var name="BW">1</var>
      <var name="Key">0</var>
      <var name="NN">1</var>
      <var name="GTMapRef">"GTMap_1"</var>
      <var name="SegmFile">"seg2_1_1.png"</var>
      <var name="Seed">11</var>
      <var name="Textures[4]">"100.A" "80.A" "110.A" "77.A"</var>
    </section>
  </section>
  <section name="Set_3">
    <var name="Masks">1</var>
    <var name="TMsPerMask">1</var>
    <var name="TexSet">"all"</var>
    <var name="Note">"#5 - all"</var>
    <section name="Mask_1">
      <var name="File">"mask3_1.png"</var>
      <var name="Segments">5</var>
      <var name="Seed">21</var>
      <var name="PointsX[5]">232.000000 323.000000 405.000000 315.000000 277.000000</var>
      <var name="PointsY[5]">242.000000 431.000000 363.000000 282.000000 221.000000</var>
      <var name="Rows">512</var>
      <var name="Columns">512</var>
      <var name="Type">1</var>
    </section>
    <section name="GTMap_1">
      <var name="File">"gt3_1.png"</var>
      <var name="MaskRef">"Mask_1"</var>
    </section>
    <section name="TMMap_1_1">
      <var name="File">"tm3_1_1.png"</var>
      <var name="BW">1</var>
      <var name="Key">0</var>
      <var name="NN">1</var>
      <var name="GTMapRef">"GTMap_1"</var>
      <var name="SegmFile">"seg3_1_1.png"</var>
      <var name="Seed">21</var>
      <var name="Textures[5]">"53.A" "50.A" "109.A" "78.A" "89.A"</var>
    </section>
  </section>
  <section name="Set_4">
    <var name="Masks">1</var>
    <var name="TMsPerMask">1</var>
    <var name="TexSet">"all"</var>
    <var name="Note">"#6 - all"</var>
    <section name="Mask_1">
      <var name="File">"mask4_1.png"</var>
      <var name="Segments">6</var>
      <var name="Seed">31</var>
      <var name="PointsX[6]">367.000000 241.000000 293.000000 332.000000 212.000000 403.000000</var>
      <var name="PointsY[6]">221.000000 98.000000 378.000000 254.000000 120.000000 255.000000</var>
      <var name="Rows">512</var>
      <var name="Columns">512</var>
      <var name="Type">1</var>
    </section>
    <section name="GTMap_1">
      <var name="File">"gt4_1.png"</var>
      <var name="MaskRef">"Mask_1"</var>
    </section>
    <section name="TMMap_1_1">
      <var name="File">"tm4_1_1.png"</var>
      <var name="BW">1</var>
      <var name="Key">0</var>
      <var name="NN">1</var>
      <var name="GTMapRef">"GTMap_1"</var>
      <var name="SegmFile">"seg4_1_1.png"</var>
      <var name="Seed">31</var>
      <var name="Textures[6]">"47.A" "91.A" "11.A" "53.A" "94.A" "69.A"</var>
    </section>
  </section>
  <section name="Set_5">
    <var name="Masks">1</var>
    <var name="TMsPerMask">1</var>
    <var name="TexSet">"all"</var>
    <var name="Note">"#8 - all"</var>
    <section name="Mask_1">
      <var name="File">"mask5_1.png"</var>
      <var name="Segments">7</var>
      <var name="Seed">41</var>
      <var name="PointsX[7]">248.000000 172.000000 385.000000 214.000000 139.000000 303.000000 389.000000</var>
      <var name="PointsY[7]">125.000000 402.000000 365.000000 199.000000 186.000000 228.000000 259.000000</var>
      <var name="Rows">512</var>
      <var name="Columns">512</var>
      <var name="Type">1</var>
    </section>
    <section name="GTMap_1">
      <var name="File">"gt5_1.png"</var>
      <var name="MaskRef">"Mask_1"</var>
    </section>
    <section name="TMMap_1_1">
      <var name="File">"tm5_1_1.png"</var>
      <var name="BW">1</var>
      <var name="Key">0</var>
      <var name="NN">1</var>
      <var name="GTMapRef">"GTMap_1"</var>
      <var name="SegmFile">"seg5_1_1.png"</var>
      <var name="Seed">41</var>
      <var name="Textures[7]">"19.A" "55.A" "101.A" "33.A" "90.A" "96.A" "41.A"</var>
    </section>
  </section>
  <section name="Set_6">
    <var name="Masks">1</var>
    <var name="TMsPerMask">1</var>
    <var name="TexSet">"all"</var>
    <var name="Note">"#7 - all"</var>
    <section name="Mask_1">
      <var name="File">"mask6_1.png"</var>
      <var name="Segments">8</var>
      <var name="Seed">51</var>
      <var name="PointsX[8]">271.000000 282.000000 76.000000 436.000000 277.000000 155.000000 94.000000 151.000000</var>
      <var name="PointsY[8]">250.000000 233.000000 258.000000 174.000000 416.000000 90.000000 219.000000 388.000000</var>
      <var name="Rows">512</var>
      <var name="Columns">512</var>
      <var name="Type">1</var>
    </section>
    <section name="GTMap_1">
      <var name="File">"gt6_1.png"</var>
      <var name="MaskRef">"Mask_1"</var>
    </section>
    <section name="TMMap_1_1">
      <var name="File">"tm6_1_1.png"</var>
      <var name="BW">1</var>
      <var name="Key">0</var>
      <var name="NN">1</var>
      <var name="GTMapRef">"GTMap_1"</var>
      <var name="SegmFile">"seg6_1_1.png"</var>
      <var name="Seed">51</var>
      <var name="Textures[8]">"56.A" "62.A" "51.A" "65.A" "58.A" "4.A" "33.A" "111.A"</var>
    </section>
  </section>
  <section name="Set_7">
    <var name="Masks">1</var>
    <var name="TMsPerMask">1</var>
    <var name="TexSet">"all"</var>
    <var name="Note">"#9 - all"</var>
    <section name="Mask_1">
      <var name="File">"mask7_1.png"</var>
      <var name="Segments">9</var>
      <var name="Seed">61</var>
      <var name="PointsX[9]">387.000000 292.000000 92.000000 389.000000 370.000000 373.000000 415.000000 237.000000 298.000000</var>
      <var name="PointsY[9]">365.000000 78.000000 182.000000 78.000000 138.000000 93.000000 129.000000 347.000000 311.000000</var>
      <var name="Rows">512</var>
      <var name="Columns">512</var>
      <var name="Type">1</var>
    </section>
    <section name="GTMap_1">
      <var name="File">"gt7_1.png"</var>
      <var name="MaskRef">"Mask_1"</var>
    </section>
    <section name="TMMap_1_1">
      <var name="File">"tm7_1_1.png"</var>
      <var name="BW">1</var>
      <var name="Key">0</var>
      <var name="NN">1</var>
      <var name="GTMapRef">"GTMap_1"</var>
      <var name="SegmFile">"seg7_1_1.png"</var>
      <var name="Seed">61</var>
      <var name="Textures[9]">"90.A" "96.A" "5.A" "68.A" "36.A" "9.A" "6.A" "97.A" "23.A"</var>
    </section>
  </section>
  <section name="Set_8">
    <var name="Masks">1</var>
    <var name="TMsPerMask">1</var>
    <var name="TexSet">"all"</var>
    <var name="Note">"#10 - all"</var>
    <section name="Mask_1">
      <var name="File">"mask8_1.png"</var>
      <var name="Segments">10</var>
      <var name="Seed">71</var>
      <var name="PointsX[10]">175.000000 314.000000 279.000000 97.000000 78.000000 228.000000 223.000000 94.000000 320.000000 347.000000</var>
      <var name="PointsY[10]">77.000000 354.000000 332.000000 287.000000 296.000000 400.000000 173.000000 149.000000 143.000000 423.000000</var>
      <var name="Rows">512</var>
      <var name="Columns">512</var>
      <var name="Type">1</var>
    </section>
    <section name="GTMap_1">
      <var name="File">"gt8_1.png"</var>
      <var name="MaskRef">"Mask_1"</var>
    </section>
    <section name="TMMap_1_1">
      <var name="File">"tm8_1_1.png"</var>
      <var name="BW">1</var>
      <var name="Key">0</var>
      <var name="NN">1</var>
      <var name="GTMapRef">"GTMap_1"</var>
      <var name="SegmFile">"seg8_1_1.png"</var>
      <var name="Seed">71</var>
      <var name="Textures[10]">"5.A" "34.A" "87.A" "75.A" "80.A" "65.A" "67.A" "10.A" "70.A" "6.A"</var>
    </section>
  </section>
  <section name="Set_9">
    <var name="Masks">1</var>
    <var name="TMsPerMask">1</var>
    <var name="TexSet">"all"</var>
    <var name="Note">"#11 - all"</var>
    <section name="Mask_1">
      <var name="File">"mask9_1.png"</var>
      <var name="Segments">11</var>
      <var name="Seed">81</var>
      <var name="PointsX[11]">371.000000 126.000000 396.000000 319.000000 370.000000 315.000000 313.000000 341.000000 125.000000 275.000000 85.000000</var>
      <var name="PointsY[11]">443.000000 78.000000 136.000000 101.000000 414.000000 384.000000 145.000000 220.000000 137.000000 245.000000 185.000000</var>
      <var name="Rows">512</var>
      <var name="Columns">512</var>
      <var name="Type">1</var>
    </section>
    <section name="GTMap_1">
      <var name="File">"gt9_1.png"</var>
      <var name="MaskRef">"Mask_1"</var>
    </section>
    <section name="TMMap_1_1">
      <var name="File">"tm9_1_1.png"</var>
      <var name="BW">1</var>
      <var name="Key">0</var>
      <var name="NN">1</var>
      <var name="GTMapRef">"GTMap_1"</var>
      <var name="SegmFile">"seg9_1_1.png"</var>
      <var name="Seed">81</var>
      <var name="Textures[11]">"113.A" "92.A" "5.A" "19.A" "22.A" "99.A" "12.A" "76.A" "104.A" "91.A" "96.A"</var>
    </section>
  </section>
  <section name="Set_10">
    <var name="Masks">1</var>
    <var name="TMsPerMask">1</var>
    <var name="TexSet">"all"</var>
    <var name="Note">"#12 - all"</var>
    <section name="Mask_1">
      <var name="File">"mask10_1.png"</var>
      <var name="Segments">12</var>
      <var name="Seed">91</var>
      <var name="PointsX[12]">210.000000 204.000000 222.000000 79.000000 367.000000 218.000000 192.000000 347.000000 200.000000 137.000000 233.000000 129.000000</var>
      <var name="PointsY[12]">96.000000 172.000000 163.000000 311.000000 157.000000 428.000000 160.000000 413.000000 425.000000 176.000000 124.000000 364.000000</var>
      <var name="Rows">512</var>
      <var name="Columns">512</var>
      <var name="Type">1</var>
    </section>
    <section name="GTMap_1">
      <var name="File">"gt10_1.png"</var>
      <var name="MaskRef">"Mask_1"</var>
    </section>
    <section name="TMMap_1_1">
      <var name="File">"tm10_1_1.png"</var>
      <var name="BW">1</var>
      <var name="Key">0</var>
      <var name="NN">1</var>
      <var name="GTMapRef">"GTMap_1"</var>
      <var name="SegmFile">"seg10_1_1.png"</var>
      <var name="Seed">91</var>
      <var name="Textures[12]">"10.A" "44.A" "33.A" "42.A" "30.A" "47.A" "74.A" "5.A" "28.A" "91.A" "109.A" "46.A"</var>
    </section>
  </section>
  <section name="params">
    <var name="nset">10</var>
    <var name="bid">4</var>
    <var name="k">1</var>
    <var name="cl">0</var>
    <var name="nt">-1</var>
    <var name="ndl">0</var>
    <section name="set_!1">
      <var name="nr">512</var>
      <var name="nc">512</var>
      <var name="num">3</var>
      <var name="type">1</var>
      <var name="tex">3</var>
      <var name="bw">1</var>
      <var name="seed">1</var>
      <var name="seed2">1</var>
      <var name="key">0</var>
      <var name="nn">1</var>
      <var name="n">1</var>
      <var name="m">1</var>
      <var name="note">"#3 - all"</var>
    </section>
    <section name="set_!2">
      <var name="nr">512</var>
      <var name="nc">512</var>
      <var name="num">4</var>
      <var name="type">1</var>
      <var name="tex">3</var>
      <var name="bw">1</var>
      <var name="seed">11</var>
      <var name="seed2">11</var>
      <var name="key">0</var>
      <var name="nn">1</var>
      <var name="n">1</var>
      <var name="m">1</var>
      <var name="note">"#4 - all"</var>
    </section>
    <section name="set_!3">
      <var name="nr">512</var>
      <var name="nc">512</var>
      <var name="num">5</var>
      <var name="type">1</var>
      <var name="tex">3</var>
      <var name="bw">1</var>
      <var name="seed">21</var>
      <var name="seed2">21</var>
      <var name="key">0</var>
      <var name="nn">1</var>
      <var name="n">1</var>
      <var name="m">1</var>
      <var name="note">"#5 - all"</var>
    </section>
    <section name="set_!4">
      <var name="nr">512</var>
      <var name="nc">512</var>
      <var name="num">6</var>
      <var name="type">1</var>
      <var name="tex">3</var>
      <var name="bw">1</var>
      <var name="seed">31</var>
      <var name="seed2">31</var>
      <var name="key">0</var>
      <var name="nn">1</var>
      <var name="n">1</var>
      <var name="m">1</var>
      <var name="note">"#6 - all"</var>
    </section>
    <section name="set_!5">
      <var name="nr">512</var>
      <var name="nc">512</var>
      <var name="num">7</var>
      <var name="type">1</var>
      <var name="tex">3</var>
      <var name="bw">1</var>
      <var name="seed">41</var>
      <var name="seed2">41</var>
      <var name="key">0</var>
      <var name="nn">1</var>
      <var name="n">1</var>
      <var name="m">1</var>
      <var name="note">"#8 - all"</var>
    </section>
    <section name="set_!6">
      <var name="nr">512</var>
      <var name="nc">512</var>
      <var name="num">8</var>
      <var name="type">1</var>
      <var name="tex">3</var>
      <var name="bw">1</var>
      <var name="seed">51</var>
      <var name="seed2">51</var>
      <var name="key">0</var>
      <var name="nn">1</var>
      <var name="n">1</var>
      <var name="m">1</var>
      <var name="note">"#7 - all"</var>
    </section>
    <section name="set_!7">
      <var name="nr">512</var>
      <var name="nc">512</var>
      <var name="num">9</var>
      <var name="type">1</var>
      <var name="tex">3</var>
      <var name="bw">1</var>
      <var name="seed">61</var>
      <var name="seed2">61</var>
      <var name="key">0</var>
      <var name="nn">1</var>
      <var name="n">1</var>
      <var name="m">1</var>
      <var name="note">"#9 - all"</var>
    </section>
    <section name="set_!8">
      <var name="nr">512</var>
      <var name="nc">512</var>
      <var name="num">10</var>
      <var name="type">1</var>
      <var name="tex">3</var>
      <var name="bw">1</var>
      <var name="seed">71</var>
      <var name="seed2">71</var>
      <var name="key">0</var>
      <var name="nn">1</var>
      <var name="n">1</var>
      <var name="m">1</var>
      <var name="note">"#10 - all"</var>
    </section>
    <section name="set_!9">
      <var name="nr">512</var>
      <var name="nc">512</var>
      <var name="num">11</var>
      <var name="type">1</var>
      <var name="tex">3</var>
      <var name="bw">1</var>
      <var name="seed">81</var>
      <var name="seed2">81</var>
      <var name="key">0</var>
      <var name="nn">1</var>
      <var name="n">1</var>
      <var name="m">1</var>
      <var name="note">"#11 - all"</var>
    </section>
    <section name="set_!10">
      <var name="nr">512</var>
      <var name="nc">512</var>
      <var name="num">12</var>
      <var name="type">1</var>
      <var name="tex">3</var>
      <var name="bw">1</var>
      <var name="seed">91</var>
      <var name="seed2">91</var>
      <var name="key">0</var>
      <var name="nn">1</var>
      <var name="n">1</var>
      <var name="m">1</var>
      <var name="note">"#12 - all"</var>
    </section>
  </section>
</main>
